type,protA,protB,weight,geneA,geneB
adjm,Q8C2E7,Q6PGL7,0.924,WASHC5,WASHC2
adjm,Q8C2E7,Q3UMB9,0.973,WASHC5,WASHC4
adjm,Q6PGL7,Q3UMB9,0.948,WASHC2,WASHC4
adjm,Q8C2E7,Q9CR27,0.876,WASHC5,WASHC3
adjm,Q6PGL7,Q9CR27,0.922,WASHC2,WASHC3
adjm,Q3UMB9,Q9CR27,0.919,WASHC4,WASHC3
adjm,Q8C2E7,Q8VDD8,0.974,WASHC5,WASHC1
adjm,Q6PGL7,Q8VDD8,0.963,WASHC2,WASHC1
adjm,Q3UMB9,Q8VDD8,0.98,WASHC4,WASHC1
adjm,Q9CR27,Q8VDD8,0.931,WASHC3,WASHC1
ne_adjm,Q8C2E7,Q6PGL7,33.883,WASHC5,WASHC2
ne_adjm,Q8C2E7,Q3UMB9,30.054,WASHC5,WASHC4
ne_adjm,Q6PGL7,Q3UMB9,38.44,WASHC2,WASHC4
ne_adjm,Q8C2E7,Q9CR27,19.306,WASHC5,WASHC3
ne_adjm,Q6PGL7,Q9CR27,32.358,WASHC2,WASHC3
ne_adjm,Q3UMB9,Q9CR27,25.775,WASHC4,WASHC3
ne_adjm,Q8C2E7,Q8VDD8,23.387,WASHC5,WASHC1
ne_adjm,Q6PGL7,Q8VDD8,34.701,WASHC2,WASHC1
ne_adjm,Q3UMB9,Q8VDD8,29.018,WASHC4,WASHC1
ne_adjm,Q9CR27,Q8VDD8,18.178,WASHC3,WASHC1
ppi,Q8C2E7,Q6PGL7,1,WASHC5,WASHC2
ppi,Q8C2E7,Q3UMB9,1,WASHC5,WASHC4
ppi,Q6PGL7,Q3UMB9,1,WASHC2,WASHC4
ppi,Q8C2E7,Q9CR27,1,WASHC5,WASHC3
ppi,Q6PGL7,Q9CR27,1,WASHC2,WASHC3
ppi,Q3UMB9,Q9CR27,1,WASHC4,WASHC3
ppi,Q8C2E7,Q8VDD8,1,WASHC5,WASHC1
ppi,Q3UMB9,Q8VDD8,1,WASHC4,WASHC1
