ProteinName,PeptideSequence,Charge,PSM,Mixture,TechRepMixture,Run,Channel,Condition,BioReplicate,Intensity
Q641K5,[R].sYSRPSSIISDDSVLSSDSFDLLELQENRPAR.[Q],4,[R].sYSRPSSIISDDSVLSSDSFDLLELQENRPAR.[Q]_4,M1,1,M1_1,126,Control.F4,Exp1.Control.F4,7.5
Q641K5,[R].sYSRPSSIISDDSVLSSDSFDLLELQENRPAR.[Q],4,[R].sYSRPSSIISDDSVLSSDSFDLLELQENRPAR.[Q]_4,M1,1,M1_1,127C,Control.F5,Exp1.Control.F5,10.6
Q641K5,[R].sYSRPSSIISDDSVLSSDSFDLLELQENRPAR.[Q],4,[R].sYSRPSSIISDDSVLSSDSFDLLELQENRPAR.[Q]_4,M1,1,M1_1,127N,Mutant.F4,Exp1.Mutant.F4,9.1
Q641K5,[R].sYSRPSSIISDDSVLSSDSFDLLELQENRPAR.[Q],4,[R].sYSRPSSIISDDSVLSSDSFDLLELQENRPAR.[Q]_4,M1,1,M1_1,128C,Control.F6,Exp1.Control.F6,10.3
Q641K5,[R].sYSRPSSIISDDSVLSSDSFDLLELQENRPAR.[Q],4,[R].sYSRPSSIISDDSVLSSDSFDLLELQENRPAR.[Q]_4,M1,1,M1_1,128N,Mutant.F5,Exp1.Mutant.F5,10.9
Q641K5,[R].sYSRPSSIISDDSVLSSDSFDLLELQENRPAR.[Q],4,[R].sYSRPSSIISDDSVLSSDSFDLLELQENRPAR.[Q]_4,M1,1,M1_1,129C,Control.F7,Exp1.Control.F7,10.3
Q641K5,[R].sYSRPSSIISDDSVLSSDSFDLLELQENRPAR.[Q],4,[R].sYSRPSSIISDDSVLSSDSFDLLELQENRPAR.[Q]_4,M1,1,M1_1,129N,Mutant.F6,Exp1.Mutant.F6,11
Q641K5,[R].sYSRPSSIISDDSVLSSDSFDLLELQENRPAR.[Q],4,[R].sYSRPSSIISDDSVLSSDSFDLLELQENRPAR.[Q]_4,M1,1,M1_1,130C,Control.F8,Exp1.Control.F8,10.7
Q641K5,[R].sYSRPSSIISDDSVLSSDSFDLLELQENRPAR.[Q],4,[R].sYSRPSSIISDDSVLSSDSFDLLELQENRPAR.[Q]_4,M1,1,M1_1,130N,Mutant.F7,Exp1.Mutant.F7,12.3
Q641K5,[R].sYSRPSSIISDDSVLSSDSFDLLELQENRPAR.[Q],4,[R].sYSRPSSIISDDSVLSSDSFDLLELQENRPAR.[Q]_4,M1,1,M1_1,131C,Control.F9,Exp1.Control.F9,33.8
Q641K5,[R].sYSRPSSIISDDSVLSSDSFDLLELQENRPAR.[Q],4,[R].sYSRPSSIISDDSVLSSDSFDLLELQENRPAR.[Q]_4,M1,1,M1_1,131N,Mutant.F8,Exp1.Mutant.F8,12.2
Q641K5,[R].sYSRPSSIISDDSVLSSDSFDLLELQENRPAR.[Q],4,[R].sYSRPSSIISDDSVLSSDSFDLLELQENRPAR.[Q]_4,M1,1,M1_1,132C,Control.F10,Exp1.Control.F10,38.8
Q641K5,[R].sYSRPSSIISDDSVLSSDSFDLLELQENRPAR.[Q],4,[R].sYSRPSSIISDDSVLSSDSFDLLELQENRPAR.[Q]_4,M1,1,M1_1,132N,Mutant.F9,Exp1.Mutant.F9,32.4
Q641K5,[R].sYSRPSSIISDDSVLSSDSFDLLELQENRPAR.[Q],4,[R].sYSRPSSIISDDSVLSSDSFDLLELQENRPAR.[Q]_4,M1,1,M1_1,133C,Norm,Norm,16.7
Q641K5,[R].sYSRPSSIISDDSVLSSDSFDLLELQENRPAR.[Q],4,[R].sYSRPSSIISDDSVLSSDSFDLLELQENRPAR.[Q]_4,M1,1,M1_1,133N,Mutant.F10,Exp1.Mutant.F10,45.9
Q641K5,[R].sYSRPSSIISDDSVLSSDSFDLLELQENRPAR.[Q],4,[R].sYSRPSSIISDDSVLSSDSFDLLELQENRPAR.[Q]_4,M1,1,M1_1,134N,Norm,Norm,20.9
Q641K5,[R].sYSRPSSIISDDSVLSSDSFDLLELQENRPAR.[Q],4,[R].sYSRPSSIISDDSVLSSDSFDLLELQENRPAR.[Q]_4,M2,1,M2_1,126,Control.F4,Exp2.Control.F4,11
Q641K5,[R].sYSRPSSIISDDSVLSSDSFDLLELQENRPAR.[Q],4,[R].sYSRPSSIISDDSVLSSDSFDLLELQENRPAR.[Q]_4,M2,1,M2_1,127C,Control.F5,Exp2.Control.F5,8.2
Q641K5,[R].sYSRPSSIISDDSVLSSDSFDLLELQENRPAR.[Q],4,[R].sYSRPSSIISDDSVLSSDSFDLLELQENRPAR.[Q]_4,M2,1,M2_1,127N,Mutant.F4,Exp2.Mutant.F4,11.9
Q641K5,[R].sYSRPSSIISDDSVLSSDSFDLLELQENRPAR.[Q],4,[R].sYSRPSSIISDDSVLSSDSFDLLELQENRPAR.[Q]_4,M2,1,M2_1,128C,Control.F6,Exp2.Control.F6,11.2
Q641K5,[R].sYSRPSSIISDDSVLSSDSFDLLELQENRPAR.[Q],4,[R].sYSRPSSIISDDSVLSSDSFDLLELQENRPAR.[Q]_4,M2,1,M2_1,128N,Mutant.F5,Exp2.Mutant.F5,10.7
Q641K5,[R].sYSRPSSIISDDSVLSSDSFDLLELQENRPAR.[Q],4,[R].sYSRPSSIISDDSVLSSDSFDLLELQENRPAR.[Q]_4,M2,1,M2_1,129C,Control.F7,Exp2.Control.F7,9.4
Q641K5,[R].sYSRPSSIISDDSVLSSDSFDLLELQENRPAR.[Q],4,[R].sYSRPSSIISDDSVLSSDSFDLLELQENRPAR.[Q]_4,M2,1,M2_1,129N,Mutant.F6,Exp2.Mutant.F6,12
Q641K5,[R].sYSRPSSIISDDSVLSSDSFDLLELQENRPAR.[Q],4,[R].sYSRPSSIISDDSVLSSDSFDLLELQENRPAR.[Q]_4,M2,1,M2_1,130C,Control.F8,Exp2.Control.F8,15.8
Q641K5,[R].sYSRPSSIISDDSVLSSDSFDLLELQENRPAR.[Q],4,[R].sYSRPSSIISDDSVLSSDSFDLLELQENRPAR.[Q]_4,M2,1,M2_1,130N,Mutant.F7,Exp2.Mutant.F7,11.3
Q641K5,[R].sYSRPSSIISDDSVLSSDSFDLLELQENRPAR.[Q],4,[R].sYSRPSSIISDDSVLSSDSFDLLELQENRPAR.[Q]_4,M2,1,M2_1,131C,Control.F9,Exp2.Control.F9,30.3
Q641K5,[R].sYSRPSSIISDDSVLSSDSFDLLELQENRPAR.[Q],4,[R].sYSRPSSIISDDSVLSSDSFDLLELQENRPAR.[Q]_4,M2,1,M2_1,131N,Mutant.F8,Exp2.Mutant.F8,12.5
Q641K5,[R].sYSRPSSIISDDSVLSSDSFDLLELQENRPAR.[Q],4,[R].sYSRPSSIISDDSVLSSDSFDLLELQENRPAR.[Q]_4,M2,1,M2_1,132C,Control.F10,Exp2.Control.F10,28.5
Q641K5,[R].sYSRPSSIISDDSVLSSDSFDLLELQENRPAR.[Q],4,[R].sYSRPSSIISDDSVLSSDSFDLLELQENRPAR.[Q]_4,M2,1,M2_1,132N,Mutant.F9,Exp2.Mutant.F9,31.3
Q641K5,[R].sYSRPSSIISDDSVLSSDSFDLLELQENRPAR.[Q],4,[R].sYSRPSSIISDDSVLSSDSFDLLELQENRPAR.[Q]_4,M2,1,M2_1,133C,Norm,Norm,16.4
Q641K5,[R].sYSRPSSIISDDSVLSSDSFDLLELQENRPAR.[Q],4,[R].sYSRPSSIISDDSVLSSDSFDLLELQENRPAR.[Q]_4,M2,1,M2_1,133N,Mutant.F10,Exp2.Mutant.F10,39.6
Q641K5,[R].sYSRPSSIISDDSVLSSDSFDLLELQENRPAR.[Q],4,[R].sYSRPSSIISDDSVLSSDSFDLLELQENRPAR.[Q]_4,M2,1,M2_1,134N,Norm,Norm,19.3
