Date of Brain Fractionation,Subject,Genotype,Age (mo),DOB,Sex,Sample,Condition,Mixture,Channel,BioFraction,Cfg Force (xg)
11062019,23733,WT,10,1062019,Female,Abundance.F1.126.Sample.53395.Control4.Exp1,Control,Exp1,126,F4,5000
11062019,23733,WT,10,1062019,Female,Abundance.F1.127C.Sample.53396.Control5.Exp1,Control,Exp1,127C,F5,9000
11062019,23733,WT,10,1062019,Female,Abundance.F1.128C.Sample.53397.Control6.Exp1,Control,Exp1,128C,F6,12000
11062019,23733,WT,10,1062019,Female,Abundance.F1.129C.Sample.53398.Control7.Exp1,Control,Exp1,129C,F7,15000
11062019,23733,WT,10,1062019,Female,Abundance.F1.130C.Sample.53399.Control8.Exp1,Control,Exp1,130C,F8,30000
11062019,23733,WT,10,1062019,Female,Abundance.F1.131C.Sample.53400.Control9.Exp1,Control,Exp1,131C,F9,79000
11062019,23733,WT,10,1062019,Female,Abundance.F1.132C.Sample.53401.Control10.Exp1,Control,Exp1,132C,F10,120000
11062019,23731,MUT,10,1062019,Female,Abundance.F1.127N.Sample.53402.Mutant4.Exp1,Mutant,Exp1,127N,F4,5000
11062019,23731,MUT,10,1062019,Female,Abundance.F1.128N.Sample.53403.Mutant5.Exp1,Mutant,Exp1,128N,F5,9000
11062019,23731,MUT,10,1062019,Female,Abundance.F1.129N.Sample.53404.Mutant6.Exp1,Mutant,Exp1,129N,F6,12000
11062019,23731,MUT,10,1062019,Female,Abundance.F1.130N.Sample.53405.Mutant7.Exp1,Mutant,Exp1,130N,F7,15000
11062019,23731,MUT,10,1062019,Female,Abundance.F1.131N.Sample.53406.Mutant8.Exp1,Mutant,Exp1,131N,F8,30000
11062019,23731,MUT,10,1062019,Female,Abundance.F1.132N.Sample.53407.Mutant9.Exp1,Mutant,Exp1,132N,F9,79000
11062019,23731,MUT,10,1062019,Female,Abundance.F1.133N.Sample.53408.Mutant10.Exp1,Mutant,Exp1,133N,F10,120000
NA,NA,NA,NA,NA,NA,Abundance.F1.133C.Sample.53437.SPQC1.Exp1,SPQC,Exp1,133C,NA,NA
NA,NA,NA,NA,NA,NA,Abundance.F1.134N.Sample.53438.SPQC2.Exp1,SPQC,Exp1,134N,NA,NA
11122019,23736,WT,10,1062019,Female,Abundance.F2.126.Sample.53409.Control4.Exp2,Control,Exp2,126,F4,5000
11122019,23736,WT,10,1062019,Female,Abundance.F2.127C.Sample.53410.Control5.Exp2,Control,Exp2,127C,F5,9000
11122019,23736,WT,10,1062019,Female,Abundance.F2.128C.Sample.53411.Control6.Exp2,Control,Exp2,128C,F6,12000
11122019,23736,WT,10,1062019,Female,Abundance.F2.129C.Sample.53412.Control7.Exp2,Control,Exp2,129C,F7,15000
11122019,23736,WT,10,1062019,Female,Abundance.F2.130C.Sample.53413.Control8.Exp2,Control,Exp2,130C,F8,30000
11122019,23736,WT,10,1062019,Female,Abundance.F2.131C.Sample.53414.Control9.Exp2,Control,Exp2,131C,F9,79000
11122019,23736,WT,10,1062019,Female,Abundance.F2.132C.Sample.53415.Control10.Exp2,Control,Exp2,132C,F10,120000
11122019,24088,MUT,10,1282019,Female,Abundance.F2.127N.Sample.53416.Mutant4.Exp2,Mutant,Exp2,127N,F4,5000
11122019,24088,MUT,10,1282019,Female,Abundance.F2.128N.Sample.53417.Mutant5.Exp2,Mutant,Exp2,128N,F5,9000
11122019,24088,MUT,10,1282019,Female,Abundance.F2.129N.Sample.53418.Mutant6.Exp2,Mutant,Exp2,129N,F6,12000
11122019,24088,MUT,10,1282019,Female,Abundance.F2.130N.Sample.53419.Mutant7.Exp2,Mutant,Exp2,130N,F7,15000
11122019,24088,MUT,10,1282019,Female,Abundance.F2.131N.Sample.53420.Mutant8.Exp2,Mutant,Exp2,131N,F8,30000
11122019,24088,MUT,10,1282019,Female,Abundance.F2.132N.Sample.53421.Mutant9.Exp2,Mutant,Exp2,132N,F9,79000
11122019,24088,MUT,10,1282019,Female,Abundance.F2.133N.Sample.53422.Mutant10.Exp2,Mutant,Exp2,133N,F10,120000
NA,NA,NA,NA,NA,NA,Abundance.F2.133C.Sample.53439.SPQC3.Exp2,SPQC,Exp2,133C,NA,NA
NA,NA,NA,NA,NA,NA,Abundance.F2.134N.Sample.53440.SPQC4.Exp2,SPQC,Exp2,134N,NA,NA
11132019,23737,WT,10,1062019,Female,Abundance.F3.126.Sample.53423.Control4.Exp3,Control,Exp3,126,F4,5000
11132019,23737,WT,10,1062019,Female,Abundance.F3.127C.Sample.53424.Control5.Exp3,Control,Exp3,127C,F5,9000
11132019,23737,WT,10,1062019,Female,Abundance.F3.128C.Sample.53425.Control6.Exp3,Control,Exp3,128C,F6,12000
11132019,23737,WT,10,1062019,Female,Abundance.F3.129C.Sample.53426.Control7.Exp3,Control,Exp3,129C,F7,15000
11132019,23737,WT,10,1062019,Female,Abundance.F3.130C.Sample.53427.Control8.Exp3,Control,Exp3,130C,F8,30000
11132019,23737,WT,10,1062019,Female,Abundance.F3.131C.Sample.53428.Control9.Exp3,Control,Exp3,131C,F9,79000
11132019,23737,WT,10,1062019,Female,Abundance.F3.132C.Sample.53429.Control10.Exp3,Control,Exp3,132C,F10,120000
11132019,23732,MUT,10,1062019,Female,Abundance.F3.127N.Sample.53430.Mutant4.Exp3,Mutant,Exp3,127N,F4,5000
11132019,23732,MUT,10,1062019,Female,Abundance.F3.128N.Sample.53431.Mutant5.Exp3,Mutant,Exp3,128N,F5,9000
11132019,23732,MUT,10,1062019,Female,Abundance.F3.129N.Sample.53432.Mutant6.Exp3,Mutant,Exp3,129N,F6,12000
11132019,23732,MUT,10,1062019,Female,Abundance.F3.130N.Sample.53433.Mutant7.Exp3,Mutant,Exp3,130N,F7,15000
11132019,23732,MUT,10,1062019,Female,Abundance.F3.131N.Sample.53434.Mutant8.Exp3,Mutant,Exp3,131N,F8,30000
11132019,23732,MUT,10,1062019,Female,Abundance.F3.132N.Sample.53435.Mutant9.Exp3,Mutant,Exp3,132N,F9,79000
11132019,23732,MUT,10,1062019,Female,Abundance.F3.133N.Sample.53436.Mutant10.Exp3,Mutant,Exp3,133N,F10,120000
NA,NA,NA,NA,NA,NA,Abundance.F3.133C.Sample.53441.SPQC5.Exp3,SPQC,Exp3,133C,NA,NA
NA,NA,NA,NA,NA,NA,Abundance.F3.134N.Sample.53442.SPQC6.Exp3,SPQC,Exp3,134N,NA,NA
